{"cameraMode":{"drawMode":0,"name":"Shaded","section":"Shading Mode"},"sceneLighting":false,"audioPlay":false,"sceneViewState":{"showFog":true,"showMaterialUpdate":true,"showSkybox":false,"showFlares":true,"showImageEffects":true,"showParticleSystems":true},"in2DMode":false,"pivot":{"x":-2.690000057220459,"y":-0.6365753412246704,"z":-0.6700000762939453},"rotation":{"x":0.008110841736197472,"y":0.914629340171814,"z":-0.4038604199886322,"w":0.018408559262752534},"size":1.9694154262542725,"orthographic":false}