{"cameraMode":{"drawMode":0,"name":"Shaded","section":"Shading Mode"},"sceneLighting":false,"audioPlay":false,"sceneViewState":{"showFog":true,"showMaterialUpdate":true,"showSkybox":false,"showFlares":true,"showImageEffects":true,"showParticleSystems":true},"in2DMode":false,"pivot":{"x":0.46119195222854617,"y":0.8518401384353638,"z":-1.1920928955078126e-7},"rotation":{"x":0.4135780930519104,"y":0.580791711807251,"z":-0.43998053669929507,"w":0.5459568500518799},"size":6.170299530029297,"orthographic":false}