{"cameraMode":{"drawMode":0,"name":"Shaded","section":"Shading Mode"},"sceneLighting":false,"audioPlay":false,"sceneViewState":{"showFog":true,"showMaterialUpdate":true,"showSkybox":false,"showFlares":true,"showImageEffects":true,"showParticleSystems":true},"in2DMode":false,"pivot":{"x":-3.7899558544158937,"y":-3.265958786010742,"z":-6.613519668579102},"rotation":{"x":0.008110841736197472,"y":0.914629340171814,"z":-0.4038604199886322,"w":0.018408559262752534},"size":5.715767860412598,"orthographic":false}