{"cameraMode":{"drawMode":0,"name":"Shaded","section":"Shading Mode"},"sceneLighting":false,"audioPlay":false,"sceneViewState":{"showFog":true,"showMaterialUpdate":true,"showSkybox":false,"showFlares":true,"showImageEffects":true,"showParticleSystems":true},"in2DMode":false,"pivot":{"x":8.539999961853028,"y":8.199999809265137,"z":-0.5742918252944946},"rotation":{"x":0.05250813439488411,"y":-0.44900229573249819,"z":0.02641352452337742,"w":0.8916215300559998},"size":22.0,"orthographic":false}