{"cameraMode":{"drawMode":0,"name":"Shaded","section":"Shading Mode"},"sceneLighting":false,"audioPlay":false,"sceneViewState":{"showFog":true,"showMaterialUpdate":true,"showSkybox":false,"showFlares":true,"showImageEffects":true,"showParticleSystems":true},"in2DMode":false,"pivot":{"x":-2.864950656890869,"y":0.18114997446537019,"z":-9.881772994995118},"rotation":{"x":0.000937685021199286,"y":0.9988375902175903,"z":0.022168835625052453,"w":-0.04349236935377121},"size":1.6310439109802247,"orthographic":false}