{"cameraMode":{"drawMode":0,"name":"Shaded","section":"Shading Mode"},"sceneLighting":false,"audioPlay":false,"sceneViewState":{"showFog":true,"showMaterialUpdate":true,"showSkybox":false,"showFlares":true,"showImageEffects":true,"showParticleSystems":true},"in2DMode":false,"pivot":{"x":-5.33880615234375,"y":-0.5841058492660523,"z":-13.13271427154541},"rotation":{"x":0.001593857305124402,"y":0.9825770258903503,"z":0.008542985655367375,"w":-0.18579521775245667},"size":13.6854829788208,"orthographic":false}