{"cameraMode":{"drawMode":0,"name":"Shaded","section":"Shading Mode"},"sceneLighting":false,"audioPlay":false,"sceneViewState":{"showFog":true,"showMaterialUpdate":true,"showSkybox":false,"showFlares":true,"showImageEffects":true,"showParticleSystems":true},"in2DMode":false,"pivot":{"x":-3.044933319091797,"y":-0.08072984218597412,"z":-11.689257621765137},"rotation":{"x":0.014707452617585659,"y":0.9264910817146301,"z":-0.036445628851652148,"w":0.3743398189544678},"size":20.557537078857423,"orthographic":false}