{"cameraMode":{"drawMode":0,"name":"Shaded","section":"Shading Mode"},"sceneLighting":false,"audioPlay":false,"sceneViewState":{"showFog":true,"showMaterialUpdate":true,"showSkybox":false,"showFlares":true,"showImageEffects":true,"showParticleSystems":true},"in2DMode":false,"pivot":{"x":-7.02051305770874,"y":1.1891963481903077,"z":-9.091832160949707},"rotation":{"x":0.032834243029356,"y":0.9355166554450989,"z":-0.09038455039262772,"w":0.340026319026947},"size":2.163778066635132,"orthographic":false}