{"cameraMode":{"drawMode":0,"name":"Shaded","section":"Shading Mode"},"sceneLighting":false,"audioPlay":false,"sceneViewState":{"showFog":true,"showMaterialUpdate":true,"showSkybox":false,"showFlares":true,"showImageEffects":true,"showParticleSystems":true},"in2DMode":false,"pivot":{"x":-0.2015725076198578,"y":-17.06603240966797,"z":-0.20264595746994019},"rotation":{"x":0.7161398530006409,"y":0.0384281650185585,"z":-0.03956065699458122,"w":0.695791482925415},"size":20.03689193725586,"orthographic":false}