{"cameraMode":{"drawMode":0,"name":"Shaded","section":"Shading Mode"},"sceneLighting":false,"audioPlay":false,"sceneViewState":{"showFog":true,"showMaterialUpdate":true,"showSkybox":false,"showFlares":true,"showImageEffects":true,"showParticleSystems":true},"in2DMode":false,"pivot":{"x":4.360000133514404,"y":0.5299999713897705,"z":0.7740644216537476},"rotation":{"x":0.05250813439488411,"y":-0.44900229573249819,"z":0.02641352452337742,"w":0.8916215300559998},"size":2.8578836917877199,"orthographic":false}