{"cameraMode":{"drawMode":0,"name":"Shaded","section":"Shading Mode"},"sceneLighting":false,"audioPlay":false,"sceneViewState":{"showFog":true,"showMaterialUpdate":true,"showSkybox":false,"showFlares":true,"showImageEffects":true,"showParticleSystems":true},"in2DMode":false,"pivot":{"x":0.00015209615230560303,"y":0.04722677916288376,"z":0.00038993358612060547},"rotation":{"x":0.12014282494783402,"y":-0.5166375041007996,"z":0.07349661737680435,"w":0.8445432782173157},"size":0.9932578206062317,"orthographic":false}