{"cameraMode":{"drawMode":0,"name":"Shaded","section":"Shading Mode"},"sceneLighting":true,"audioPlay":false,"sceneViewState":{"showFog":true,"showMaterialUpdate":true,"showSkybox":false,"showFlares":true,"showImageEffects":true,"showParticleSystems":true},"in2DMode":false,"pivot":{"x":-2.9804959297180177,"y":-0.48451709747314455,"z":-0.39606422185897829},"rotation":{"x":0.02033870480954647,"y":0.9790198802947998,"z":-0.1603173315525055,"w":0.12431579828262329},"size":2.701555013656616,"orthographic":false}