{"cameraMode":{"drawMode":0,"name":"Shaded","section":"Shading Mode"},"sceneLighting":false,"audioPlay":false,"sceneViewState":{"showFog":true,"showMaterialUpdate":true,"showSkybox":false,"showFlares":true,"showImageEffects":true,"showParticleSystems":true},"in2DMode":false,"pivot":{"x":-1.8395261764526368,"y":1.185943603515625,"z":-10.593659400939942},"rotation":{"x":-0.034275609999895099,"y":-0.9653979539871216,"z":0.19699978828430177,"w":-0.16758371889591218},"size":5.946789741516113,"orthographic":false}